y,x,height,width,filename,priority
1423,2604,224,224,/home/mlissoni/Documents/Michele_Lissoni/Parigi/PhD/code/qgis/sandbox/qclassipy_example/WestAlps_S2LULC.tif,1
1423,2805,224,224,/home/mlissoni/Documents/Michele_Lissoni/Parigi/PhD/code/qgis/sandbox/qclassipy_example/WestAlps_S2LULC.tif,1
1423,3006,224,224,/home/mlissoni/Documents/Michele_Lissoni/Parigi/PhD/code/qgis/sandbox/qclassipy_example/WestAlps_S2LULC.tif,1
1423,3207,224,224,/home/mlissoni/Documents/Michele_Lissoni/Parigi/PhD/code/qgis/sandbox/qclassipy_example/WestAlps_S2LULC.tif,1
1423,3408,224,224,/home/mlissoni/Documents/Michele_Lissoni/Parigi/PhD/code/qgis/sandbox/qclassipy_example/WestAlps_S2LULC.tif,1
1423,3609,224,224,/home/mlissoni/Documents/Michele_Lissoni/Parigi/PhD/code/qgis/sandbox/qclassipy_example/WestAlps_S2LULC.tif,1
1423,3810,224,224,/home/mlissoni/Documents/Michele_Lissoni/Parigi/PhD/code/qgis/sandbox/qclassipy_example/WestAlps_S2LULC.tif,1
1423,4011,224,224,/home/mlissoni/Documents/Michele_Lissoni/Parigi/PhD/code/qgis/sandbox/qclassipy_example/WestAlps_S2LULC.tif,1
1423,4212,224,224,/home/mlissoni/Documents/Michele_Lissoni/Parigi/PhD/code/qgis/sandbox/qclassipy_example/WestAlps_S2LULC.tif,1
1423,4413,224,224,/home/mlissoni/Documents/Michele_Lissoni/Parigi/PhD/code/qgis/sandbox/qclassipy_example/WestAlps_S2LULC.tif,1
1423,4614,224,224,/home/mlissoni/Documents/Michele_Lissoni/Parigi/PhD/code/qgis/sandbox/qclassipy_example/WestAlps_S2LULC.tif,1
1423,4815,224,224,/home/mlissoni/Documents/Michele_Lissoni/Parigi/PhD/code/qgis/sandbox/qclassipy_example/WestAlps_S2LULC.tif,1
1423,5016,224,224,/home/mlissoni/Documents/Michele_Lissoni/Parigi/PhD/code/qgis/sandbox/qclassipy_example/WestAlps_S2LULC.tif,1
1423,5217,224,224,/home/mlissoni/Documents/Michele_Lissoni/Parigi/PhD/code/qgis/sandbox/qclassipy_example/WestAlps_S2LULC.tif,1
1423,5418,224,224,/home/mlissoni/Documents/Michele_Lissoni/Parigi/PhD/code/qgis/sandbox/qclassipy_example/WestAlps_S2LULC.tif,1
1423,5619,224,224,/home/mlissoni/Documents/Michele_Lissoni/Parigi/PhD/code/qgis/sandbox/qclassipy_example/WestAlps_S2LULC.tif,1
1423,5820,224,224,/home/mlissoni/Documents/Michele_Lissoni/Parigi/PhD/code/qgis/sandbox/qclassipy_example/WestAlps_S2LULC.tif,1
1423,6021,224,224,/home/mlissoni/Documents/Michele_Lissoni/Parigi/PhD/code/qgis/sandbox/qclassipy_example/WestAlps_S2LULC.tif,1
1423,6222,224,224,/home/mlissoni/Documents/Michele_Lissoni/Parigi/PhD/code/qgis/sandbox/qclassipy_example/WestAlps_S2LULC.tif,1
1423,6423,224,224,/home/mlissoni/Documents/Michele_Lissoni/Parigi/PhD/code/qgis/sandbox/qclassipy_example/WestAlps_S2LULC.tif,1
1423,6498,224,224,/home/mlissoni/Documents/Michele_Lissoni/Parigi/PhD/code/qgis/sandbox/qclassipy_example/WestAlps_S2LULC.tif,1
1438,2604,224,224,/home/mlissoni/Documents/Michele_Lissoni/Parigi/PhD/code/qgis/sandbox/qclassipy_example/WestAlps_S2LULC.tif,1
1438,2805,224,224,/home/mlissoni/Documents/Michele_Lissoni/Parigi/PhD/code/qgis/sandbox/qclassipy_example/WestAlps_S2LULC.tif,1
1438,3006,224,224,/home/mlissoni/Documents/Michele_Lissoni/Parigi/PhD/code/qgis/sandbox/qclassipy_example/WestAlps_S2LULC.tif,1
1438,3207,224,224,/home/mlissoni/Documents/Michele_Lissoni/Parigi/PhD/code/qgis/sandbox/qclassipy_example/WestAlps_S2LULC.tif,1
1438,3408,224,224,/home/mlissoni/Documents/Michele_Lissoni/Parigi/PhD/code/qgis/sandbox/qclassipy_example/WestAlps_S2LULC.tif,1
1438,3609,224,224,/home/mlissoni/Documents/Michele_Lissoni/Parigi/PhD/code/qgis/sandbox/qclassipy_example/WestAlps_S2LULC.tif,1
1438,3810,224,224,/home/mlissoni/Documents/Michele_Lissoni/Parigi/PhD/code/qgis/sandbox/qclassipy_example/WestAlps_S2LULC.tif,1
1438,4011,224,224,/home/mlissoni/Documents/Michele_Lissoni/Parigi/PhD/code/qgis/sandbox/qclassipy_example/WestAlps_S2LULC.tif,1
1438,4212,224,224,/home/mlissoni/Documents/Michele_Lissoni/Parigi/PhD/code/qgis/sandbox/qclassipy_example/WestAlps_S2LULC.tif,1
1438,4413,224,224,/home/mlissoni/Documents/Michele_Lissoni/Parigi/PhD/code/qgis/sandbox/qclassipy_example/WestAlps_S2LULC.tif,1
1438,4614,224,224,/home/mlissoni/Documents/Michele_Lissoni/Parigi/PhD/code/qgis/sandbox/qclassipy_example/WestAlps_S2LULC.tif,1
1438,4815,224,224,/home/mlissoni/Documents/Michele_Lissoni/Parigi/PhD/code/qgis/sandbox/qclassipy_example/WestAlps_S2LULC.tif,1
1438,5016,224,224,/home/mlissoni/Documents/Michele_Lissoni/Parigi/PhD/code/qgis/sandbox/qclassipy_example/WestAlps_S2LULC.tif,1
1438,5217,224,224,/home/mlissoni/Documents/Michele_Lissoni/Parigi/PhD/code/qgis/sandbox/qclassipy_example/WestAlps_S2LULC.tif,1
1438,5418,224,224,/home/mlissoni/Documents/Michele_Lissoni/Parigi/PhD/code/qgis/sandbox/qclassipy_example/WestAlps_S2LULC.tif,1
1438,5619,224,224,/home/mlissoni/Documents/Michele_Lissoni/Parigi/PhD/code/qgis/sandbox/qclassipy_example/WestAlps_S2LULC.tif,1
1438,5820,224,224,/home/mlissoni/Documents/Michele_Lissoni/Parigi/PhD/code/qgis/sandbox/qclassipy_example/WestAlps_S2LULC.tif,1
1438,6021,224,224,/home/mlissoni/Documents/Michele_Lissoni/Parigi/PhD/code/qgis/sandbox/qclassipy_example/WestAlps_S2LULC.tif,1
1438,6222,224,224,/home/mlissoni/Documents/Michele_Lissoni/Parigi/PhD/code/qgis/sandbox/qclassipy_example/WestAlps_S2LULC.tif,1
1438,6423,224,224,/home/mlissoni/Documents/Michele_Lissoni/Parigi/PhD/code/qgis/sandbox/qclassipy_example/WestAlps_S2LULC.tif,1
1438,6498,224,224,/home/mlissoni/Documents/Michele_Lissoni/Parigi/PhD/code/qgis/sandbox/qclassipy_example/WestAlps_S2LULC.tif,1
1639,2403,224,224,/home/mlissoni/Documents/Michele_Lissoni/Parigi/PhD/code/qgis/sandbox/qclassipy_example/WestAlps_S2LULC.tif,1
1639,2604,224,224,/home/mlissoni/Documents/Michele_Lissoni/Parigi/PhD/code/qgis/sandbox/qclassipy_example/WestAlps_S2LULC.tif,1
1639,2805,224,224,/home/mlissoni/Documents/Michele_Lissoni/Parigi/PhD/code/qgis/sandbox/qclassipy_example/WestAlps_S2LULC.tif,1
1639,3006,224,224,/home/mlissoni/Documents/Michele_Lissoni/Parigi/PhD/code/qgis/sandbox/qclassipy_example/WestAlps_S2LULC.tif,1
1639,3207,224,224,/home/mlissoni/Documents/Michele_Lissoni/Parigi/PhD/code/qgis/sandbox/qclassipy_example/WestAlps_S2LULC.tif,1
1639,3408,224,224,/home/mlissoni/Documents/Michele_Lissoni/Parigi/PhD/code/qgis/sandbox/qclassipy_example/WestAlps_S2LULC.tif,1
1639,3609,224,224,/home/mlissoni/Documents/Michele_Lissoni/Parigi/PhD/code/qgis/sandbox/qclassipy_example/WestAlps_S2LULC.tif,1
1639,3810,224,224,/home/mlissoni/Documents/Michele_Lissoni/Parigi/PhD/code/qgis/sandbox/qclassipy_example/WestAlps_S2LULC.tif,1
1639,4011,224,224,/home/mlissoni/Documents/Michele_Lissoni/Parigi/PhD/code/qgis/sandbox/qclassipy_example/WestAlps_S2LULC.tif,1
1639,4212,224,224,/home/mlissoni/Documents/Michele_Lissoni/Parigi/PhD/code/qgis/sandbox/qclassipy_example/WestAlps_S2LULC.tif,1
1639,4413,224,224,/home/mlissoni/Documents/Michele_Lissoni/Parigi/PhD/code/qgis/sandbox/qclassipy_example/WestAlps_S2LULC.tif,1
1639,4614,224,224,/home/mlissoni/Documents/Michele_Lissoni/Parigi/PhD/code/qgis/sandbox/qclassipy_example/WestAlps_S2LULC.tif,1
1639,4815,224,224,/home/mlissoni/Documents/Michele_Lissoni/Parigi/PhD/code/qgis/sandbox/qclassipy_example/WestAlps_S2LULC.tif,1
1639,5016,224,224,/home/mlissoni/Documents/Michele_Lissoni/Parigi/PhD/code/qgis/sandbox/qclassipy_example/WestAlps_S2LULC.tif,1
1639,5217,224,224,/home/mlissoni/Documents/Michele_Lissoni/Parigi/PhD/code/qgis/sandbox/qclassipy_example/WestAlps_S2LULC.tif,1
1639,5418,224,224,/home/mlissoni/Documents/Michele_Lissoni/Parigi/PhD/code/qgis/sandbox/qclassipy_example/WestAlps_S2LULC.tif,1
1639,5619,224,224,/home/mlissoni/Documents/Michele_Lissoni/Parigi/PhD/code/qgis/sandbox/qclassipy_example/WestAlps_S2LULC.tif,1
1639,5820,224,224,/home/mlissoni/Documents/Michele_Lissoni/Parigi/PhD/code/qgis/sandbox/qclassipy_example/WestAlps_S2LULC.tif,1
1639,6021,224,224,/home/mlissoni/Documents/Michele_Lissoni/Parigi/PhD/code/qgis/sandbox/qclassipy_example/WestAlps_S2LULC.tif,1
1639,6222,224,224,/home/mlissoni/Documents/Michele_Lissoni/Parigi/PhD/code/qgis/sandbox/qclassipy_example/WestAlps_S2LULC.tif,1
1639,6423,224,224,/home/mlissoni/Documents/Michele_Lissoni/Parigi/PhD/code/qgis/sandbox/qclassipy_example/WestAlps_S2LULC.tif,1
1639,6498,224,224,/home/mlissoni/Documents/Michele_Lissoni/Parigi/PhD/code/qgis/sandbox/qclassipy_example/WestAlps_S2LULC.tif,1
1840,2403,224,224,/home/mlissoni/Documents/Michele_Lissoni/Parigi/PhD/code/qgis/sandbox/qclassipy_example/WestAlps_S2LULC.tif,1
1840,2604,224,224,/home/mlissoni/Documents/Michele_Lissoni/Parigi/PhD/code/qgis/sandbox/qclassipy_example/WestAlps_S2LULC.tif,1
1840,2805,224,224,/home/mlissoni/Documents/Michele_Lissoni/Parigi/PhD/code/qgis/sandbox/qclassipy_example/WestAlps_S2LULC.tif,1
1840,3006,224,224,/home/mlissoni/Documents/Michele_Lissoni/Parigi/PhD/code/qgis/sandbox/qclassipy_example/WestAlps_S2LULC.tif,1
1840,3207,224,224,/home/mlissoni/Documents/Michele_Lissoni/Parigi/PhD/code/qgis/sandbox/qclassipy_example/WestAlps_S2LULC.tif,1
1840,3408,224,224,/home/mlissoni/Documents/Michele_Lissoni/Parigi/PhD/code/qgis/sandbox/qclassipy_example/WestAlps_S2LULC.tif,1
1840,3609,224,224,/home/mlissoni/Documents/Michele_Lissoni/Parigi/PhD/code/qgis/sandbox/qclassipy_example/WestAlps_S2LULC.tif,1
1840,3810,224,224,/home/mlissoni/Documents/Michele_Lissoni/Parigi/PhD/code/qgis/sandbox/qclassipy_example/WestAlps_S2LULC.tif,1
1840,4011,224,224,/home/mlissoni/Documents/Michele_Lissoni/Parigi/PhD/code/qgis/sandbox/qclassipy_example/WestAlps_S2LULC.tif,1
1840,4212,224,224,/home/mlissoni/Documents/Michele_Lissoni/Parigi/PhD/code/qgis/sandbox/qclassipy_example/WestAlps_S2LULC.tif,1
1840,4413,224,224,/home/mlissoni/Documents/Michele_Lissoni/Parigi/PhD/code/qgis/sandbox/qclassipy_example/WestAlps_S2LULC.tif,1
1840,4614,224,224,/home/mlissoni/Documents/Michele_Lissoni/Parigi/PhD/code/qgis/sandbox/qclassipy_example/WestAlps_S2LULC.tif,1
1840,4815,224,224,/home/mlissoni/Documents/Michele_Lissoni/Parigi/PhD/code/qgis/sandbox/qclassipy_example/WestAlps_S2LULC.tif,1
1840,5016,224,224,/home/mlissoni/Documents/Michele_Lissoni/Parigi/PhD/code/qgis/sandbox/qclassipy_example/WestAlps_S2LULC.tif,1
1840,5217,224,224,/home/mlissoni/Documents/Michele_Lissoni/Parigi/PhD/code/qgis/sandbox/qclassipy_example/WestAlps_S2LULC.tif,1
1840,5418,224,224,/home/mlissoni/Documents/Michele_Lissoni/Parigi/PhD/code/qgis/sandbox/qclassipy_example/WestAlps_S2LULC.tif,1
1840,5619,224,224,/home/mlissoni/Documents/Michele_Lissoni/Parigi/PhD/code/qgis/sandbox/qclassipy_example/WestAlps_S2LULC.tif,1
1840,5820,224,224,/home/mlissoni/Documents/Michele_Lissoni/Parigi/PhD/code/qgis/sandbox/qclassipy_example/WestAlps_S2LULC.tif,1
1840,6021,224,224,/home/mlissoni/Documents/Michele_Lissoni/Parigi/PhD/code/qgis/sandbox/qclassipy_example/WestAlps_S2LULC.tif,1
1840,6222,224,224,/home/mlissoni/Documents/Michele_Lissoni/Parigi/PhD/code/qgis/sandbox/qclassipy_example/WestAlps_S2LULC.tif,1
1840,6423,224,224,/home/mlissoni/Documents/Michele_Lissoni/Parigi/PhD/code/qgis/sandbox/qclassipy_example/WestAlps_S2LULC.tif,1
1840,6498,224,224,/home/mlissoni/Documents/Michele_Lissoni/Parigi/PhD/code/qgis/sandbox/qclassipy_example/WestAlps_S2LULC.tif,1
2041,2403,224,224,/home/mlissoni/Documents/Michele_Lissoni/Parigi/PhD/code/qgis/sandbox/qclassipy_example/WestAlps_S2LULC.tif,1
2041,2604,224,224,/home/mlissoni/Documents/Michele_Lissoni/Parigi/PhD/code/qgis/sandbox/qclassipy_example/WestAlps_S2LULC.tif,1
2041,2805,224,224,/home/mlissoni/Documents/Michele_Lissoni/Parigi/PhD/code/qgis/sandbox/qclassipy_example/WestAlps_S2LULC.tif,1
2041,3006,224,224,/home/mlissoni/Documents/Michele_Lissoni/Parigi/PhD/code/qgis/sandbox/qclassipy_example/WestAlps_S2LULC.tif,1
2041,3207,224,224,/home/mlissoni/Documents/Michele_Lissoni/Parigi/PhD/code/qgis/sandbox/qclassipy_example/WestAlps_S2LULC.tif,1
2041,3408,224,224,/home/mlissoni/Documents/Michele_Lissoni/Parigi/PhD/code/qgis/sandbox/qclassipy_example/WestAlps_S2LULC.tif,1
2041,3609,224,224,/home/mlissoni/Documents/Michele_Lissoni/Parigi/PhD/code/qgis/sandbox/qclassipy_example/WestAlps_S2LULC.tif,1
2041,3810,224,224,/home/mlissoni/Documents/Michele_Lissoni/Parigi/PhD/code/qgis/sandbox/qclassipy_example/WestAlps_S2LULC.tif,1
2041,4011,224,224,/home/mlissoni/Documents/Michele_Lissoni/Parigi/PhD/code/qgis/sandbox/qclassipy_example/WestAlps_S2LULC.tif,1
2041,4212,224,224,/home/mlissoni/Documents/Michele_Lissoni/Parigi/PhD/code/qgis/sandbox/qclassipy_example/WestAlps_S2LULC.tif,1
2041,4413,224,224,/home/mlissoni/Documents/Michele_Lissoni/Parigi/PhD/code/qgis/sandbox/qclassipy_example/WestAlps_S2LULC.tif,1
2041,4614,224,224,/home/mlissoni/Documents/Michele_Lissoni/Parigi/PhD/code/qgis/sandbox/qclassipy_example/WestAlps_S2LULC.tif,1
2041,4815,224,224,/home/mlissoni/Documents/Michele_Lissoni/Parigi/PhD/code/qgis/sandbox/qclassipy_example/WestAlps_S2LULC.tif,1
2041,5016,224,224,/home/mlissoni/Documents/Michele_Lissoni/Parigi/PhD/code/qgis/sandbox/qclassipy_example/WestAlps_S2LULC.tif,1
2041,5217,224,224,/home/mlissoni/Documents/Michele_Lissoni/Parigi/PhD/code/qgis/sandbox/qclassipy_example/WestAlps_S2LULC.tif,1
2041,5418,224,224,/home/mlissoni/Documents/Michele_Lissoni/Parigi/PhD/code/qgis/sandbox/qclassipy_example/WestAlps_S2LULC.tif,1
2041,5619,224,224,/home/mlissoni/Documents/Michele_Lissoni/Parigi/PhD/code/qgis/sandbox/qclassipy_example/WestAlps_S2LULC.tif,1
2041,5820,224,224,/home/mlissoni/Documents/Michele_Lissoni/Parigi/PhD/code/qgis/sandbox/qclassipy_example/WestAlps_S2LULC.tif,1
2041,6021,224,224,/home/mlissoni/Documents/Michele_Lissoni/Parigi/PhD/code/qgis/sandbox/qclassipy_example/WestAlps_S2LULC.tif,1
2041,6222,224,224,/home/mlissoni/Documents/Michele_Lissoni/Parigi/PhD/code/qgis/sandbox/qclassipy_example/WestAlps_S2LULC.tif,1
2041,6423,224,224,/home/mlissoni/Documents/Michele_Lissoni/Parigi/PhD/code/qgis/sandbox/qclassipy_example/WestAlps_S2LULC.tif,1
2041,6498,224,224,/home/mlissoni/Documents/Michele_Lissoni/Parigi/PhD/code/qgis/sandbox/qclassipy_example/WestAlps_S2LULC.tif,1
2242,2403,224,224,/home/mlissoni/Documents/Michele_Lissoni/Parigi/PhD/code/qgis/sandbox/qclassipy_example/WestAlps_S2LULC.tif,1
2242,2604,224,224,/home/mlissoni/Documents/Michele_Lissoni/Parigi/PhD/code/qgis/sandbox/qclassipy_example/WestAlps_S2LULC.tif,1
2242,2805,224,224,/home/mlissoni/Documents/Michele_Lissoni/Parigi/PhD/code/qgis/sandbox/qclassipy_example/WestAlps_S2LULC.tif,1
2242,3006,224,224,/home/mlissoni/Documents/Michele_Lissoni/Parigi/PhD/code/qgis/sandbox/qclassipy_example/WestAlps_S2LULC.tif,1
2242,3207,224,224,/home/mlissoni/Documents/Michele_Lissoni/Parigi/PhD/code/qgis/sandbox/qclassipy_example/WestAlps_S2LULC.tif,1
2242,3408,224,224,/home/mlissoni/Documents/Michele_Lissoni/Parigi/PhD/code/qgis/sandbox/qclassipy_example/WestAlps_S2LULC.tif,1
2242,3609,224,224,/home/mlissoni/Documents/Michele_Lissoni/Parigi/PhD/code/qgis/sandbox/qclassipy_example/WestAlps_S2LULC.tif,1
2242,3810,224,224,/home/mlissoni/Documents/Michele_Lissoni/Parigi/PhD/code/qgis/sandbox/qclassipy_example/WestAlps_S2LULC.tif,1
2242,4011,224,224,/home/mlissoni/Documents/Michele_Lissoni/Parigi/PhD/code/qgis/sandbox/qclassipy_example/WestAlps_S2LULC.tif,1
2242,4212,224,224,/home/mlissoni/Documents/Michele_Lissoni/Parigi/PhD/code/qgis/sandbox/qclassipy_example/WestAlps_S2LULC.tif,1
2242,4413,224,224,/home/mlissoni/Documents/Michele_Lissoni/Parigi/PhD/code/qgis/sandbox/qclassipy_example/WestAlps_S2LULC.tif,1
2242,4614,224,224,/home/mlissoni/Documents/Michele_Lissoni/Parigi/PhD/code/qgis/sandbox/qclassipy_example/WestAlps_S2LULC.tif,1
2242,4815,224,224,/home/mlissoni/Documents/Michele_Lissoni/Parigi/PhD/code/qgis/sandbox/qclassipy_example/WestAlps_S2LULC.tif,1
2242,5016,224,224,/home/mlissoni/Documents/Michele_Lissoni/Parigi/PhD/code/qgis/sandbox/qclassipy_example/WestAlps_S2LULC.tif,1
2242,5217,224,224,/home/mlissoni/Documents/Michele_Lissoni/Parigi/PhD/code/qgis/sandbox/qclassipy_example/WestAlps_S2LULC.tif,1
2242,5418,224,224,/home/mlissoni/Documents/Michele_Lissoni/Parigi/PhD/code/qgis/sandbox/qclassipy_example/WestAlps_S2LULC.tif,1
2242,5619,224,224,/home/mlissoni/Documents/Michele_Lissoni/Parigi/PhD/code/qgis/sandbox/qclassipy_example/WestAlps_S2LULC.tif,1
2242,5820,224,224,/home/mlissoni/Documents/Michele_Lissoni/Parigi/PhD/code/qgis/sandbox/qclassipy_example/WestAlps_S2LULC.tif,1
2242,6021,224,224,/home/mlissoni/Documents/Michele_Lissoni/Parigi/PhD/code/qgis/sandbox/qclassipy_example/WestAlps_S2LULC.tif,1
2242,6222,224,224,/home/mlissoni/Documents/Michele_Lissoni/Parigi/PhD/code/qgis/sandbox/qclassipy_example/WestAlps_S2LULC.tif,1
2242,6423,224,224,/home/mlissoni/Documents/Michele_Lissoni/Parigi/PhD/code/qgis/sandbox/qclassipy_example/WestAlps_S2LULC.tif,1
2443,2403,224,224,/home/mlissoni/Documents/Michele_Lissoni/Parigi/PhD/code/qgis/sandbox/qclassipy_example/WestAlps_S2LULC.tif,1
2443,2604,224,224,/home/mlissoni/Documents/Michele_Lissoni/Parigi/PhD/code/qgis/sandbox/qclassipy_example/WestAlps_S2LULC.tif,1
2443,2805,224,224,/home/mlissoni/Documents/Michele_Lissoni/Parigi/PhD/code/qgis/sandbox/qclassipy_example/WestAlps_S2LULC.tif,1
2443,3006,224,224,/home/mlissoni/Documents/Michele_Lissoni/Parigi/PhD/code/qgis/sandbox/qclassipy_example/WestAlps_S2LULC.tif,1
2443,3207,224,224,/home/mlissoni/Documents/Michele_Lissoni/Parigi/PhD/code/qgis/sandbox/qclassipy_example/WestAlps_S2LULC.tif,1
2443,3408,224,224,/home/mlissoni/Documents/Michele_Lissoni/Parigi/PhD/code/qgis/sandbox/qclassipy_example/WestAlps_S2LULC.tif,1
2443,3609,224,224,/home/mlissoni/Documents/Michele_Lissoni/Parigi/PhD/code/qgis/sandbox/qclassipy_example/WestAlps_S2LULC.tif,1
2443,3810,224,224,/home/mlissoni/Documents/Michele_Lissoni/Parigi/PhD/code/qgis/sandbox/qclassipy_example/WestAlps_S2LULC.tif,1
2443,4011,224,224,/home/mlissoni/Documents/Michele_Lissoni/Parigi/PhD/code/qgis/sandbox/qclassipy_example/WestAlps_S2LULC.tif,1
2443,4212,224,224,/home/mlissoni/Documents/Michele_Lissoni/Parigi/PhD/code/qgis/sandbox/qclassipy_example/WestAlps_S2LULC.tif,1
2443,4413,224,224,/home/mlissoni/Documents/Michele_Lissoni/Parigi/PhD/code/qgis/sandbox/qclassipy_example/WestAlps_S2LULC.tif,1
2443,4614,224,224,/home/mlissoni/Documents/Michele_Lissoni/Parigi/PhD/code/qgis/sandbox/qclassipy_example/WestAlps_S2LULC.tif,1
2443,4815,224,224,/home/mlissoni/Documents/Michele_Lissoni/Parigi/PhD/code/qgis/sandbox/qclassipy_example/WestAlps_S2LULC.tif,1
2443,5016,224,224,/home/mlissoni/Documents/Michele_Lissoni/Parigi/PhD/code/qgis/sandbox/qclassipy_example/WestAlps_S2LULC.tif,1
2443,5217,224,224,/home/mlissoni/Documents/Michele_Lissoni/Parigi/PhD/code/qgis/sandbox/qclassipy_example/WestAlps_S2LULC.tif,1
2443,5418,224,224,/home/mlissoni/Documents/Michele_Lissoni/Parigi/PhD/code/qgis/sandbox/qclassipy_example/WestAlps_S2LULC.tif,1
2443,5619,224,224,/home/mlissoni/Documents/Michele_Lissoni/Parigi/PhD/code/qgis/sandbox/qclassipy_example/WestAlps_S2LULC.tif,1
2443,5820,224,224,/home/mlissoni/Documents/Michele_Lissoni/Parigi/PhD/code/qgis/sandbox/qclassipy_example/WestAlps_S2LULC.tif,1
2443,6021,224,224,/home/mlissoni/Documents/Michele_Lissoni/Parigi/PhD/code/qgis/sandbox/qclassipy_example/WestAlps_S2LULC.tif,1
2443,6222,224,224,/home/mlissoni/Documents/Michele_Lissoni/Parigi/PhD/code/qgis/sandbox/qclassipy_example/WestAlps_S2LULC.tif,1
2443,6423,224,224,/home/mlissoni/Documents/Michele_Lissoni/Parigi/PhD/code/qgis/sandbox/qclassipy_example/WestAlps_S2LULC.tif,1
2644,2202,224,224,/home/mlissoni/Documents/Michele_Lissoni/Parigi/PhD/code/qgis/sandbox/qclassipy_example/WestAlps_S2LULC.tif,1
2644,2403,224,224,/home/mlissoni/Documents/Michele_Lissoni/Parigi/PhD/code/qgis/sandbox/qclassipy_example/WestAlps_S2LULC.tif,1
2644,2604,224,224,/home/mlissoni/Documents/Michele_Lissoni/Parigi/PhD/code/qgis/sandbox/qclassipy_example/WestAlps_S2LULC.tif,1
2644,2805,224,224,/home/mlissoni/Documents/Michele_Lissoni/Parigi/PhD/code/qgis/sandbox/qclassipy_example/WestAlps_S2LULC.tif,1
2644,3006,224,224,/home/mlissoni/Documents/Michele_Lissoni/Parigi/PhD/code/qgis/sandbox/qclassipy_example/WestAlps_S2LULC.tif,1
2644,3207,224,224,/home/mlissoni/Documents/Michele_Lissoni/Parigi/PhD/code/qgis/sandbox/qclassipy_example/WestAlps_S2LULC.tif,1
2644,3408,224,224,/home/mlissoni/Documents/Michele_Lissoni/Parigi/PhD/code/qgis/sandbox/qclassipy_example/WestAlps_S2LULC.tif,1
2644,3609,224,224,/home/mlissoni/Documents/Michele_Lissoni/Parigi/PhD/code/qgis/sandbox/qclassipy_example/WestAlps_S2LULC.tif,1
2644,3810,224,224,/home/mlissoni/Documents/Michele_Lissoni/Parigi/PhD/code/qgis/sandbox/qclassipy_example/WestAlps_S2LULC.tif,1
2644,4011,224,224,/home/mlissoni/Documents/Michele_Lissoni/Parigi/PhD/code/qgis/sandbox/qclassipy_example/WestAlps_S2LULC.tif,1
2644,4212,224,224,/home/mlissoni/Documents/Michele_Lissoni/Parigi/PhD/code/qgis/sandbox/qclassipy_example/WestAlps_S2LULC.tif,1
2644,4413,224,224,/home/mlissoni/Documents/Michele_Lissoni/Parigi/PhD/code/qgis/sandbox/qclassipy_example/WestAlps_S2LULC.tif,1
2644,4614,224,224,/home/mlissoni/Documents/Michele_Lissoni/Parigi/PhD/code/qgis/sandbox/qclassipy_example/WestAlps_S2LULC.tif,1
2644,4815,224,224,/home/mlissoni/Documents/Michele_Lissoni/Parigi/PhD/code/qgis/sandbox/qclassipy_example/WestAlps_S2LULC.tif,1
2644,5016,224,224,/home/mlissoni/Documents/Michele_Lissoni/Parigi/PhD/code/qgis/sandbox/qclassipy_example/WestAlps_S2LULC.tif,1
2644,5217,224,224,/home/mlissoni/Documents/Michele_Lissoni/Parigi/PhD/code/qgis/sandbox/qclassipy_example/WestAlps_S2LULC.tif,1
2644,5418,224,224,/home/mlissoni/Documents/Michele_Lissoni/Parigi/PhD/code/qgis/sandbox/qclassipy_example/WestAlps_S2LULC.tif,1
2644,5619,224,224,/home/mlissoni/Documents/Michele_Lissoni/Parigi/PhD/code/qgis/sandbox/qclassipy_example/WestAlps_S2LULC.tif,1
2644,5820,224,224,/home/mlissoni/Documents/Michele_Lissoni/Parigi/PhD/code/qgis/sandbox/qclassipy_example/WestAlps_S2LULC.tif,1
2644,6021,224,224,/home/mlissoni/Documents/Michele_Lissoni/Parigi/PhD/code/qgis/sandbox/qclassipy_example/WestAlps_S2LULC.tif,1
2644,6222,224,224,/home/mlissoni/Documents/Michele_Lissoni/Parigi/PhD/code/qgis/sandbox/qclassipy_example/WestAlps_S2LULC.tif,1
2644,6423,224,224,/home/mlissoni/Documents/Michele_Lissoni/Parigi/PhD/code/qgis/sandbox/qclassipy_example/WestAlps_S2LULC.tif,1
2845,2193,224,224,/home/mlissoni/Documents/Michele_Lissoni/Parigi/PhD/code/qgis/sandbox/qclassipy_example/WestAlps_S2LULC.tif,1
2845,2202,224,224,/home/mlissoni/Documents/Michele_Lissoni/Parigi/PhD/code/qgis/sandbox/qclassipy_example/WestAlps_S2LULC.tif,1
2845,2403,224,224,/home/mlissoni/Documents/Michele_Lissoni/Parigi/PhD/code/qgis/sandbox/qclassipy_example/WestAlps_S2LULC.tif,1
2845,2604,224,224,/home/mlissoni/Documents/Michele_Lissoni/Parigi/PhD/code/qgis/sandbox/qclassipy_example/WestAlps_S2LULC.tif,1
2845,2805,224,224,/home/mlissoni/Documents/Michele_Lissoni/Parigi/PhD/code/qgis/sandbox/qclassipy_example/WestAlps_S2LULC.tif,1
2845,3006,224,224,/home/mlissoni/Documents/Michele_Lissoni/Parigi/PhD/code/qgis/sandbox/qclassipy_example/WestAlps_S2LULC.tif,1
2845,3207,224,224,/home/mlissoni/Documents/Michele_Lissoni/Parigi/PhD/code/qgis/sandbox/qclassipy_example/WestAlps_S2LULC.tif,1
2845,3408,224,224,/home/mlissoni/Documents/Michele_Lissoni/Parigi/PhD/code/qgis/sandbox/qclassipy_example/WestAlps_S2LULC.tif,1
2845,3609,224,224,/home/mlissoni/Documents/Michele_Lissoni/Parigi/PhD/code/qgis/sandbox/qclassipy_example/WestAlps_S2LULC.tif,1
2845,3810,224,224,/home/mlissoni/Documents/Michele_Lissoni/Parigi/PhD/code/qgis/sandbox/qclassipy_example/WestAlps_S2LULC.tif,1
2845,4011,224,224,/home/mlissoni/Documents/Michele_Lissoni/Parigi/PhD/code/qgis/sandbox/qclassipy_example/WestAlps_S2LULC.tif,1
2845,4212,224,224,/home/mlissoni/Documents/Michele_Lissoni/Parigi/PhD/code/qgis/sandbox/qclassipy_example/WestAlps_S2LULC.tif,1
2845,4413,224,224,/home/mlissoni/Documents/Michele_Lissoni/Parigi/PhD/code/qgis/sandbox/qclassipy_example/WestAlps_S2LULC.tif,1
2845,4614,224,224,/home/mlissoni/Documents/Michele_Lissoni/Parigi/PhD/code/qgis/sandbox/qclassipy_example/WestAlps_S2LULC.tif,1
2845,4815,224,224,/home/mlissoni/Documents/Michele_Lissoni/Parigi/PhD/code/qgis/sandbox/qclassipy_example/WestAlps_S2LULC.tif,1
2845,5016,224,224,/home/mlissoni/Documents/Michele_Lissoni/Parigi/PhD/code/qgis/sandbox/qclassipy_example/WestAlps_S2LULC.tif,1
2845,5217,224,224,/home/mlissoni/Documents/Michele_Lissoni/Parigi/PhD/code/qgis/sandbox/qclassipy_example/WestAlps_S2LULC.tif,1
2845,5418,224,224,/home/mlissoni/Documents/Michele_Lissoni/Parigi/PhD/code/qgis/sandbox/qclassipy_example/WestAlps_S2LULC.tif,1
2845,5619,224,224,/home/mlissoni/Documents/Michele_Lissoni/Parigi/PhD/code/qgis/sandbox/qclassipy_example/WestAlps_S2LULC.tif,1
2845,5820,224,224,/home/mlissoni/Documents/Michele_Lissoni/Parigi/PhD/code/qgis/sandbox/qclassipy_example/WestAlps_S2LULC.tif,1
2845,6021,224,224,/home/mlissoni/Documents/Michele_Lissoni/Parigi/PhD/code/qgis/sandbox/qclassipy_example/WestAlps_S2LULC.tif,1
2845,6222,224,224,/home/mlissoni/Documents/Michele_Lissoni/Parigi/PhD/code/qgis/sandbox/qclassipy_example/WestAlps_S2LULC.tif,1
3046,2193,224,224,/home/mlissoni/Documents/Michele_Lissoni/Parigi/PhD/code/qgis/sandbox/qclassipy_example/WestAlps_S2LULC.tif,1
3046,2202,224,224,/home/mlissoni/Documents/Michele_Lissoni/Parigi/PhD/code/qgis/sandbox/qclassipy_example/WestAlps_S2LULC.tif,1
3046,2403,224,224,/home/mlissoni/Documents/Michele_Lissoni/Parigi/PhD/code/qgis/sandbox/qclassipy_example/WestAlps_S2LULC.tif,1
3046,2604,224,224,/home/mlissoni/Documents/Michele_Lissoni/Parigi/PhD/code/qgis/sandbox/qclassipy_example/WestAlps_S2LULC.tif,1
3046,2805,224,224,/home/mlissoni/Documents/Michele_Lissoni/Parigi/PhD/code/qgis/sandbox/qclassipy_example/WestAlps_S2LULC.tif,1
3046,3006,224,224,/home/mlissoni/Documents/Michele_Lissoni/Parigi/PhD/code/qgis/sandbox/qclassipy_example/WestAlps_S2LULC.tif,1
3046,3207,224,224,/home/mlissoni/Documents/Michele_Lissoni/Parigi/PhD/code/qgis/sandbox/qclassipy_example/WestAlps_S2LULC.tif,1
3046,3408,224,224,/home/mlissoni/Documents/Michele_Lissoni/Parigi/PhD/code/qgis/sandbox/qclassipy_example/WestAlps_S2LULC.tif,1
3046,3609,224,224,/home/mlissoni/Documents/Michele_Lissoni/Parigi/PhD/code/qgis/sandbox/qclassipy_example/WestAlps_S2LULC.tif,1
3046,3810,224,224,/home/mlissoni/Documents/Michele_Lissoni/Parigi/PhD/code/qgis/sandbox/qclassipy_example/WestAlps_S2LULC.tif,1
3046,4011,224,224,/home/mlissoni/Documents/Michele_Lissoni/Parigi/PhD/code/qgis/sandbox/qclassipy_example/WestAlps_S2LULC.tif,1
3046,4212,224,224,/home/mlissoni/Documents/Michele_Lissoni/Parigi/PhD/code/qgis/sandbox/qclassipy_example/WestAlps_S2LULC.tif,1
3046,4413,224,224,/home/mlissoni/Documents/Michele_Lissoni/Parigi/PhD/code/qgis/sandbox/qclassipy_example/WestAlps_S2LULC.tif,1
3046,4614,224,224,/home/mlissoni/Documents/Michele_Lissoni/Parigi/PhD/code/qgis/sandbox/qclassipy_example/WestAlps_S2LULC.tif,1
3046,4815,224,224,/home/mlissoni/Documents/Michele_Lissoni/Parigi/PhD/code/qgis/sandbox/qclassipy_example/WestAlps_S2LULC.tif,1
3046,5016,224,224,/home/mlissoni/Documents/Michele_Lissoni/Parigi/PhD/code/qgis/sandbox/qclassipy_example/WestAlps_S2LULC.tif,1
3046,5217,224,224,/home/mlissoni/Documents/Michele_Lissoni/Parigi/PhD/code/qgis/sandbox/qclassipy_example/WestAlps_S2LULC.tif,1
3046,5418,224,224,/home/mlissoni/Documents/Michele_Lissoni/Parigi/PhD/code/qgis/sandbox/qclassipy_example/WestAlps_S2LULC.tif,1
3141,2193,224,224,/home/mlissoni/Documents/Michele_Lissoni/Parigi/PhD/code/qgis/sandbox/qclassipy_example/WestAlps_S2LULC.tif,1
3141,2202,224,224,/home/mlissoni/Documents/Michele_Lissoni/Parigi/PhD/code/qgis/sandbox/qclassipy_example/WestAlps_S2LULC.tif,1
3141,2403,224,224,/home/mlissoni/Documents/Michele_Lissoni/Parigi/PhD/code/qgis/sandbox/qclassipy_example/WestAlps_S2LULC.tif,1
3141,2604,224,224,/home/mlissoni/Documents/Michele_Lissoni/Parigi/PhD/code/qgis/sandbox/qclassipy_example/WestAlps_S2LULC.tif,1
3141,2805,224,224,/home/mlissoni/Documents/Michele_Lissoni/Parigi/PhD/code/qgis/sandbox/qclassipy_example/WestAlps_S2LULC.tif,1
3141,3006,224,224,/home/mlissoni/Documents/Michele_Lissoni/Parigi/PhD/code/qgis/sandbox/qclassipy_example/WestAlps_S2LULC.tif,1
3141,3207,224,224,/home/mlissoni/Documents/Michele_Lissoni/Parigi/PhD/code/qgis/sandbox/qclassipy_example/WestAlps_S2LULC.tif,1
3141,3408,224,224,/home/mlissoni/Documents/Michele_Lissoni/Parigi/PhD/code/qgis/sandbox/qclassipy_example/WestAlps_S2LULC.tif,1
3141,3609,224,224,/home/mlissoni/Documents/Michele_Lissoni/Parigi/PhD/code/qgis/sandbox/qclassipy_example/WestAlps_S2LULC.tif,1
3141,3810,224,224,/home/mlissoni/Documents/Michele_Lissoni/Parigi/PhD/code/qgis/sandbox/qclassipy_example/WestAlps_S2LULC.tif,1
